﻿Designator,Footprint,Quantity,Value,LCSC Part #
"C1, C2",0402,2,0.1uF,
C3,0402,1,100nF,C307331
C4,0402,1,4.7uF,
C5,0402,1,2.2uF,
C6,0402,1,1uF,
"H1, H2",MountingHole_2.2mm_M2,2,MountingHole,
J1,MMCX_Molex_73415-0961_Horizontal_1.6mm-PCB,1,Conn_Coaxial_Small,
P1,USB_C_Plug_Molex_105444,1,USB_C_Plug_USB2.0,
R1,0402,1,5.1k,
R2,0402,1,10k,
"SW1, SW2",SW_SPST_B3U-3000P-B,2,SW_Push,
"TP1, TP2, TP3, TP4",TestPoint_Pad_1.5x1.5mm,4,TestPoint,
U1,MOD20_E22-400MM22S_CGD-M,1,E22-400MM22S,
U2,TSSOP-20_4.4x6.5mm_P0.65mm,1,STM32F042F6Px,
U3,SON65P200X200X80-7N,1,TLV76733DRVR,
